die Ansage, -n#Hören Sie die Ansagen.#announcement#Listen to the announcements.#
der Anschluss#In Mannheim haben Sie Anschluss nach Saarbrücken.#connection (travel)#In Mannheim you have a connection to Saarbrücken.#
der Anschluss#Ist das die Anmeldung für einen Telefonanschluss?#connection (telephone)#Is that the application for a telephone connection?#
an sein#Heute Nacht war das Licht an.#to be switched on#The light was on tonight.#
antworten#Er antwortet nicht.#to answer#He isn’t answering.#
die Antwort, -en#Er gibt leider keine Antwort.#answer#Unfortunately he didn’t give an answer.#
die Anzeige, -n#Ich habe Ihre Anzeige in der Zeitung gelesen.#advert#I read your advert in the newspaper.#
(sich) anziehen#Ich muss mich noch anziehen.#to dress (onesself)#I still need to get dressed.#
das Apartment, -s#Wir haben ein Apartment gemietet.#apartment#We rented an apartment.#
der Apfel, -Ä#Ein Pfund Äpfel bitte.#apple#One pound of apples please.#
der Appetit#Guten Appetit!#appetite#Bon appetit!#
arbeiten#Wo arbeiten Sie?#to work#Where do you work?#
die Arbeit, -en#Mein Bruder sucht Arbeit.#work#My brother is looking for work.#
arbeitslos#Es gibt bei uns viele Leute, die schon lange arbeitslos sind.#unemployed#There are many people with us who have been unemployed for a long time.#
der Arbeitsplatz, -ä, e#An meinem Arbeitsplatz fehlt ein Drucker.#workplace#At work a printer broke.#
der Arm, -e#Mein Arm tut weh.#arm#My arm hurts.#
der Arzt, -Ä, e#Morgen habe ich einen Termin bei meiner Ärztin.#doctor#Tomorrow I have an appointment at my doctor‘s.#
auch#Ich bin auch Spanier.#also#I am also Spanish.#
auf#Die Kinder spielen auf der Straße.#on#The children are playing on the street.#
auf#Auf Wiedersehen.#until#goodbye (in person)#lit. “until we see each other again”
auf#Wie heißt das auf Deutsch?#in#What’s that called in German?#
die Aufgabe, -n#Das ist eine schwere Aufgabe.#task#That is a difficult task.#
aufhören#Der Kurs hört in einer Woche auf.#to end#The course ends in a week.#
aufhören#Hier hört die Bahnhofstraße auf.#to end#The station road ends here.#
auf sein#Du brauchst den Schlüssel nicht. Die Wohnung ist auf.#to be open#You don’t need the key. The flat is open.#
aufstehen#Ich muss immer um vier Uhr aufstehen.#to get up#I always need to get up at four o’clock.#
aufstehen#Soll ich aufstehen?#to get up#Should I get up?#
der Aufzug, -ü, e#In diesem Haus gibt es keinen Aufzug.#lift#There is no lift in this house.#
das Auge, -n#Er hat blaue Augen.#eye#He has blue eyes.#
aus#Er kommt aus Brasilien.#from#He comes from Brasil.#
der Ausflug#Morgen machen wir einen Ausflug nach Heidelberg.#excursion#Tomorrow we are going on an excursion to Heidelberg.#
ausfüllen#Füllen Sie bitte dieses Formular aus.#to fill out#Please fill in this form.#
der Ausgang#Wo ist der Ausgang?#exit#Where is the exit?#
die Auskunft, -ü, e#Können Sie mir eine Auskunft geben?#information/reference#Could you give me a reference?#
das Ausland#Fahren Sie ins Ausland?#abroad/overseas#Do you travel abroad?#
der Ausländer, -#Sind Sie Ausländerin?#foreigner (non-pejorative)#Are you a foreigner?#non-perjorative
ausländisch#Leider habe ich nur ausländisches Geld.#foreign#Unfortunately I only have foreign money.#
ausmachen#Mach bitte das Licht aus!#to switch off#Please turn off the light!#
die Aussage, -n#Ist die Aussage richtig oder falsch?#statement#Is the statement true or false?#
aussehen#Das sieht schön aus.#to look#That looks beautiful.#
aus sein#Das Licht ist aus.#to be switched off#The light is off.#
aus sein#Die Schule ist aus.#to be finished#School is finished.#
aussteigen#Wo muss ich aussteigen?#to alight#Where do I need to alight?#
der Ausweis#Hier ist mein Ausweis.#identity card#Here is my ID card.#
(sich) ausziehen#Zieh die Schuhe aus, bitte!#to take off#Please take off your shoes!#
das Auto, -s#Er kommt mit dem Auto.#car#He’s coming by car.#
die Autobahn, -en#Wo geht‘s hier bitte zur Autobahn?#motorway#How do I get to the motorway?#
der Automat#Die Fahrkarten gibt es nur am Automaten.#machine#Tickets are only available from the machines.#
automatisch#Du musst nichts machen. Das geht automatisch.#automatically#You don’t need to do anything. It happens automatically.#
das Baby, -s#Mein Kind ist noch ein Baby.#baby#My child is still a baby.#
die Bäckerei#Ich geh mal schnell zur Bäckerei.#bakery#I’m just popping to the bakery.#
das Bad#Wir haben kein großes Bad.#bath#We don’t have a large bath.#
baden#Ich bade nicht so gern, ich dusche lieber.#to bathe#I don’t like bathing so much, I prefer to shower.#
die Bahn#Wir fahren lieber mit der Bahn.#train#We prefer to travel by train.#
die Bahn#Ich nehme die nächste Bahn.#train#I’ll take the next train.#
der Bahnhof#Komme ich hier zum Bahnhof?#train station#Is this the way to the train station?#
der Bahnsteig#Auf welchem Bahnsteig fährt der Zug?#platform#From which platform does the train depart?#
bald#Ich komme bald.#soon#I’m coming soon.#
der Balkon#Die Wohnung hat auch einen kleinen Balkon.#balcony#The flat also has a small balcony.#
die Banane, -n#Drei Bananen, bitte!#banana#Three bananas please!#
die Bank#Die Bank schließt schon um vier Uhr.#bank#The bank is already closed at 4 o’clock.#
die Bank#Er sitzt im Park auf einer Bank und liest.#bank#He’s sitting in the park on a bank and reading.#
bar#Muss ich bar zahlen oder geht‘s auch mit Karte?#cash#Do I need to pay with cash, or is it also okay by card?#
der Bauch#Seit gestern tut mir der Bauch weh.#stomach#My stomach has been hurting since yesterday.#
der Baum, -ä, e#Vorsicht, fahr nicht an den Baum!#tree#Careful, don’t drive into the tree!#
der Beamte, -n#Fragen Sie die Beamtin an Schalter acht!#official#Ask the official at counter eight!#
bedeuten#Was bedeutet das Wort?#to mean#What does that word mean?#
beginnen#Das Spiel beginnt um 15.30 Uhr.#to begin#The game begins at 15:30.#
bei#Offenbach liegt bei Frankfurt.#next to#Offenbach is next to Frankfurt.#
bei#Ich wohne bei meinen Eltern.#at#I live at my parent’s.#
bei#Bei uns regnet es heute.#at#At ours it rained today.#
bei#Er arbeitet bei der Polizei.#for#He works for the police.#
beide#Beide Eltern arbeiten.#both#Both parents work.#
beide#Wir kommen beide.#both#We are both coming.#
das Bein, -e#Mein rechtes Bein tut weh.#leg#My right leg hurts.#
das Beispiel, -e#Kannst du mir ein Beispiel sagen?#example#Can you give me an example?#
zum Beispiel/z. B.#Viele meiner Verwandten, z. B. meine beiden Brüder, arbeiten auch hier.#for example#Many of my relatives, for example, both of my brothers, also work here.#
bekannt#Picasso ist sehr bekannt.#known#Picasso is well known.#
der/die Bekannte, -n#Ein Bekannter von mir heißt Klaus.#acquaintance#An acquaintance of mine is called Klaus.#
bekommen#Haben Sie meinen Brief bekommen?#to receive#Did you receive my letter?#
bekommen#Was bekommen Sie?#to have#What will you have?#
bekommen#Dieses Medikament bekommen Sie in der Apotheke.#to get#You can get this medicine in a pharmacy.#
benutzen#Die Aufzüge bitte nicht benutzen!#to use#Please don’t use the lift!#
der Beruf, -e#Was sind Sie von Beruf?#profession#What is your profession?#
der Beruf, -e#Was ist Ihr Beruf?#business#What is your business?#
besetzt#Die Nummer ist immer besetzt.#busy#The number is always busy.#
besetzt#Der Platz ist besetzt.#occupied#The place is occupied.#
besichtigen#Ich möchte gern den Dom besichtigen.#to visit#I would like to visit the cathedral.#
besser#Es geht mir schon besser.#better#It’s already going better for me.#
best-#Am besten treffen wir uns morgen.#ideally#Ideally, we will meet tomorrow.#
bestellen#Wir möchten bestellen, bitte.#to order#We would like to order, please.#
bestellen#Dieses Buch haben wir nicht – sollen wir es für Sie bestellen?#to order#We don’t have this book, should we order it for you?#
besuchen#Darf ich dich besuchen?#to visit#May I visit you?#
das Bett, -en#Wir brauchen noch ein Kinderbett.#bed#We need another children’s bed.#
bezahlen#Wo muss ich bezahlen?#to pay#Where do I need to pay?#
das Bier#Noch ein Bier bitte.#beer#Another beer please.#
das Bild, -er#Hast du ein Bild von deinem Sohn?#picture#Do you have a picture of your son?#
billig#Die Jacke kostet nur 10 Euro! Die ist aber billig!#cheap#The jacket only costs 10 euros! That’s cheap!#
die Birne, -n#Ein Kilo Birnen, bitte!#pear#One kilogram of pears, please!#
bis#Ich fahre nur bis Stuttgart.#to (as far as)#I’m only travelling to Stuttgart.#
bis#Ich warte bis morgen.#until#I will wait until tomorrow.#
bisschen#Ich spreche Englisch, Französisch und ein bisschen Deutsch.#(a) little#I speak English, French, and a little German.#
bitte#Eine Tasse Kaffee, bitte!#please#A cup of tea, please!#
bitte#Sprechen Sie bitte leise!#please#Please speak softly!#
die Bitte, -n#Ich habe noch eine Bitte.#request#I have one more request.#
bitten#Darf ich Sie um etwas bitten?#to ask#May I ask something of you?#
bitter#Der Kaffee schmeckt bitter.#bitter#The coffee tastes bitter.#
bleiben#Ich bleibe heute zu Hause.#to stay#I will stay home.#
bleiben#Wir bleiben nur bis morgen.#to stay#We are only staying until tomorrow.#
der Bleistift, -e#Hast du einen Bleistift?#pencil#Do you have a pencil?#
der Blick#Von diesem Hotel hat man einen guten Blick auf den Rhein.#view#From this hotel one has a good view of the Rhein.#
die Blume, -n#Gefallen dir die Blumen?#flower(s)#Do you like the flowers?#
der Bogen#Schreiben Sie Ihre Lösungen bitte auf den Antwortbogen.#sheet#Write your solutions on the answer sheet.#
böse#Sie ist böse auf mich.#angry#She is angry with me.#
brauchen#Brauchst du die Zeitung noch?#to need#Do you still need the newspaper?#
breit#Wie breit ist der Schrank?#wide#How wide is the cupboard?#
der Brief, -e#Haben Sie einen Brief für mich?#letter#Do you have a letter for me?#
die Briefmarke, -n#Kaufst du bitte Briefmarken bei der Post.#(postage) stamp#Please by stamps at the post office.#
bringen#Bringen Sie mir bitte noch einen Kaffee!#to bring#Please bring me another coffee!#
bringen#Wir müssen ihn zum Arzt bringen.#to take#We need to take him to the doctor.#
das Brot, -e#Haben Sie auch Weißbrot?#bread#Do you have white bread too?#
das Brot, -e#Nimm noch ein paar Brote für die Fahrt mit.#bread roll#Take another couple of bread rolls for the journey.#
das Brötchen, –#Möchtest du Brötchen zum Frühstück?#bread roll#Would you like bread rolls for breakfast?#
der Bruder, -ü#Sein Bruder arbeitet auch hier.#brother#Your brother also works here.#
das Buch, -ü, er#Gute Bücher sind oft sehr teuer.#book#Good books are often expensive.#
das Wörterbuch, -ü, er#In diesem Wörterbuch finden Sie mehr als 20.000 Wörter.#dictionary#In this dictionary you will find more than 20’000 words.#
der Buchstabe, -n#Diesen Buchstaben gibt es in meiner Sprache nicht.#letter (character)#This letter is not in my language.#
buchstabieren#Bitte buchstabieren Sie Ihren Namen.#to print#Please print your name.#
der Bus, -se#Wann kommt der nächste Bus?#bus#When does the next bus arrive?#
die Butter#Für mich bitte ein Brötchen mit Butter und Käse.#butter#For me, a bread roll with butter and cheese, please.#
das Café, -s#Sollen wir uns im Café treffen?#cafe#Should we meet in the cafe?#
die CD, -s#Bring bitte deine Lieblings-CD mit.#CD#Please bring your favourite CD with you.#
der Chef#Wir haben eine neue Chefin.#bos#We have a new boss.#
circa/ca.#Von Mainz nach Frankfurt sind es circa fünfzig Kilometer.#approximately#From Mainz to Frankfurt it is approximately 50km.#
der Computer, –#Wann bekommst du deinen neuen Computer?#computer#When are you getting your new computer?#
da#Da hinten ist er ja.#there#He’s back there.#
da#Wir sprechen gerade über Paul. Da kommt er ja gerade.#there#We are talking about Paul. There he comes now.#
da#Ich nehme das da.#there#I’ll take that there.#
da#Ist Herr Klein schon da?#there#Is Mr. Klein already there?#
die Dame, -n#Damen (an der Toilette)#lady#Ladies (toilet sign)#
die Dame, -n#Sehr geehrte Damen und Herren!#lady#Ladies and Gentlemen!#
daneben#Du kennst doch die Post. Daneben ist die Bank.#next to it#You do know the post office. The bank is next to it.#
danken#Ich danke Ihnen für die Einladung.#thank#Thank you for the invitation.#
der Dank#Vielen Dank!#thanks#Many thanks!#
der Dank#Herzlichen Dank!#thanks#Thank you very much!#
danke#Soll ich Ihnen helfen? / Nein, danke!#thank you#Should I help you? / No thank you!#
dann#Ich muss noch schnell zur Post, dann komme ich.#then (afterwards)#I still need to pop to the post office, then I’ll come.#
das Datum#Bitte schreiben Sie noch das Datum auf das Formular.#date#Please write the date on the form.#
dauern#Wie lange dauert der Film?#to take (duration)#How long is the film?#
dein-#Ist das dein Auto?#your#Is that your car?#
dein-#Ist das deins?#your#Is that yours?#
denn#Ich kann nicht kommen, denn ich bin krank.#because#I can’t come because I’m ill.#
das#Ich nehme das da.#that#I’ll take that there.#
der#Hier ist der Brief, den du suchst.#the#Here is the letter that you’re looking for.#
die#Die Fahrkarte bekommst du am Bahnhof.#the#You will get your ticket at the train station.#
dich#Die Blumen sind für dich.#you#The flowers are for you.#
dies-#Ich nehme lieber diesen Kuchen.#this#I’d like to take this cake.#
dir#Gefallen dir die Blumen?#you#Do you like the flowers?#
die Disco#Heute abend gehen wir in die Disco tanzen.#disco#This evening we’re going dancing in the disco.#
der Doktor#Meine Tochter ist krank. Wir gehen zum Doktor.#doctor#My daughter is sick. We are going to the doctor.#
das Doppelzimmer#Wollen Sie ein Doppelzimmer oder ein Einzelzimmer?#double room#Would you like a double room or a single room?#
das Dorf, -ö, er#Meine Familie lebt in einem Dorf.#village#My family lives in a village.#
dorthin#Deine Tasche kannst du dorthin stellen.#in there#You can put your bag in there.#
dorther#Dort ist unser Haus.#(over) there#There’s our house.#
draußen#Wollen wir draußen sitzen?#outside#Shall we sit outside?#lit. Do we want to…
drucken#Bitte drucke das Formular für mich.#to print#Please print the form for me.#
der Drucker, –#Mein Drucker ist kaputt.#printer#My printer is broken.#
drücken#Drück hier, dann geht der Computer an.#to press#Press here, then the computer turns on.#
durch#Am besten gehen Sie durch die Breite Straße.#through#Ideally, go through the wide street.#
die Durchsage, -n#Ich habe die Durchsage nicht verstanden.#announcement#I didn’t understand the announcement.#
dürfen#Sie dürfen hier nicht rauchen.#to be allowed#You are not allowed to smoke here.#
dürfen#Darf ich Sie zu einem Kaffee einladen?#to be allowed#May I invite you for a coffee?#
dürfen#Es darf nicht mehr als 15 Euro kosten.#to be allowed#It may not cost more than 15 euros.#
der Durst#Hast du etwas zu trinken? Ich habe großen Durst.#thirst#Do you have anything to drink? I’m very thirsty.#
(sich) duschen#Ich bade nicht so gern, ich dusche lieber.#to shower#I don’t like bathing so much, I prefer to shower.#
die Dusche#Unsere Wohnung hat nur eine Dusche.#shower#Our flat only has a shower.#
die Ecke, -n#An der nächsten Ecke links.#corner#Left at the next corner.#
die Ehefrau, -en/#Das ist meine (Ehe-) Frau.#wife#That is my wife.#
der Ehemann, ä, er#Das ist mein (Ehe-) Mann.#husband#That is my husband.#
das Ei, -er#Möchtest du ein Ei zum Frühstück?#egg#Would you like an egg for breakfast?#
eilig#Hast du es eilig?#to rush#Did you rush it?#
ein-#Ich nehme ein Bier. Willst du auch eins?#one / a#I’ll take a beer. Do you want one too?#
ein-#Ist hier einer, der das kann?#someone#Is there someone here who can?#
einfach#Die Prüfung ist ganz einfach.#simple#The test is very simple.#
einfach#Hin und zurück? / Nein, bitte nur einfach.#a single (ticket)#Return? / No, just a single, please.#
einfach#Ich brauche nur ein einfaches Zimmer.#simple#I only need a simple room.#
der Eingang#Der Eingang ist um die Ecke.#entrance#The entrance is round the corner.#
einkaufen#Ich muss noch für morgen einkaufen.#to go shopping#I need to go shopping for coffee for tomorrow.#
einladen#Darf ich Sie zu einem Kaffee einladen?#to invite / treat#May I treat you to a coffee?#
die Einladung#Danke für die Einladung!#invitation#Thank you for the invitation!#
einmal#Diese Prüfung mache ich nicht noch einmal.#once#I will not do this exam once more.#
einsteigen#Schnell, steig ein, der Zug fährt gleich.#to get on (board)#Quick, get on, the train is leaving now!#
der Eintritt#Der Preis für den Eintritt ist 5 Euro.#entry#The price for entry is 5 euros.#
das Einzelzimmer#Haben Sie noch ein Einzelzimmer?#single room#Do you have another single room?#
die Eltern (pl.)#Meine Eltern leben in Spanien.#parents#My parents live in spain.#
die E-Mail, -s#Ich habe Ihre E-Mail nicht bekommen.#email#I didn’t receive your email.#
der Empfänger, –#Auf dem Brief steht dein Name, also bist du der Empfänger.#recipient#Your name is on the letter, therefore you are the recipient.#
empfehlen#Welchen Wein können Sie mir empfehlen?#to recommend#Which wine can you recommend to me?#
enden#Die Straße endet hier.#to end#The street ends here.#
das Ende#Sie wohnt am Ende der Straße.#end#She lives at the end of the street.#
das Ende#Er bekommt sein Geld am Ende des Monats.#end#He gets his money at the end of the month.#
entschuldigen#Entschuldigen Sie bitte!#to excuse#Excuse me please!#
die Entschuldigung#Entschuldigung! / Bitte.#apology#Sorry! / OK#
er#Er heißt Ali.#he#He’s called Ali.#
das Ergebnis, -se#Das Ergebnis des Tests bekommen Sie in zwei Wochen.#result#You will receive the test results in two weeks.#
erklären#Kannst du mir das erklären?#to explain#Can you explain that to me?#
erlauben#Rauchen ist hier nicht erlaubt.#allow#Smoking is not allowed here.#
der Erwachsene, -n#Dieser Film ist nur für Erwachsene.#adult#This film is only for adults.#
erzählen#Wir müssen euch etwas erzählen!#to tell#We need to tell you something!#
es#Es regnet.#it#It’s raining.#
essen#Was gibt es zu essen?#to eat#What is there to eat?#
das Essen#Das Essen ist heute sehr gut.#food#The food is very good today.#
euer#Euer Kurs beginnt heute.#your [pl.]#Your course begins today.#
fahren#Ich fahre mit dem Auto zur Arbeit.#to travel#I go to work by car.#
der Fahrer#Bitte nicht mit dem Fahrer sprechen!#driver#Please do not speak to the driver!#
die Fahrkarte, -n#Hast du schon eine Fahrkarte?#(transport) ticket#Do you already have a ticket?#
das Fahrrad, -ä, er#Fährst du mit dem Fahrrad oder mit dem Auto?#bicycle#Do you travel by bike or by car?#
falsch#Das ist falsch.#false#That is false.#
die Familie, -n#Meine Familie lebt in Spanien.#family#My family lives in Spain.#
der Familienname#Meine Familiennamen sind García González.#surname#My surname is García González.#
der Familienstand#Bei „Familienstand“ musst du „ledig“ ankreuzen.#family/marital status#For “Family status” you must put a cross next to “single”.#
die Farbe, -n#Die Farbe gefällt mir gut.#colour#I like the colour.#
das Fax, -e#Schicken Sie uns einfach ein Fax!#fax#Just send us a fax!#
der Feierabend#Wir machen jetzt Feierabend.#end of work#We are closing for the evening.#
der Feiertag#Am Montag ist Feiertag.#day off#Monday is a day off.#
feiern#Wir feiern heute meinen Geburtstag.#to celebrate#Today we are celebrating my birthday.#
fehlen#Herr Müller ist nicht da, er fehlt schon seit drei Tagen.#to be missing#Mr. Müller is not there, he’s been gone for three days.#
fehlen#Was fehlt Ihnen?#to be missing#What are you missing?#
der Fehler, –#Diesen Fehler mache ich immer.#mistake#I always make this mistake.#
fernsehen#Wollen wir heute Abend mal fernsehen?#to watch TV#Do we want to watch TV this evening?#lit. Do we want to…
fertig#Bist du fertig?#finished#Are you finished?#
fertig#Ist mein Auto schon fertig?#finished#Is my car already finished?#
das Feuer#Haben Sie Feuer?#fire / lighter#Do you have a light?#
das Fieber#Mein Mann hat noch immer Fieber.#fever#My husband always has a fever.#
der Film, -e#Ich möchte gern diesen Film sehen.#film#I would like to see this film.#
finden#Wir müssen den Schlüssel finden.#to find#We must find the key.#
die Firma#Er arbeitet jetzt bei einer anderen Firma.#company#He works for another company now.#
der Fisch, -e#Ich esse gern Fisch. Fleisch mag ich nicht.#fish#I like to eat fish. I don’t like meat.#
die Flasche, -n#Eine Flasche Bier, bitte.#bottle#A bottle of beer, please.#
das Fleisch#Fleisch mag ich nicht.#meat#I don’t like meat.#
fliegen#Ich fliege nicht gern. Deshalb fahre ich mit dem Zug.#to fly#I don’t like to fly. Therefore I travel by train.#
abfliegen#Wann fliegst du ab?#to depart (by air)#When do you depart?#
der Abflug#Der Abflug ist um 11.20 Uhr.#(flight) departure#The departure is at 11:20.#
der Flughafen#Kannst du mich zum Flughafen bringen?#airport#Can you take me to the airport?#
das Flugzeug#Das Flugzeug aus Berlin kommt heute später an.#aeroplane#The plane from Berlin will arrive later today.#
das Formular, -e#Sie müssen dieses Formular ausfüllen.#form#You must fill out this form.#
das Foto, -s#Darf ich ein Foto machen?#photograph#May I take a photo?#
fragen#Er möchte Sie etwas fragen. Wann kommen Sie?#to ask#He wants to ask you something. When are you coming?#
die Frage, -n#Ich habe eine Frage.#question#I have a question.#
die Frau#Das ist Frau Becker.#Ms.#That is Ms. Becker.#
die Frau#Die Frau da drüben ist Eva Schmitt.#woman#The woman over there is Eva Schmitt.#
die Frauen#Hier arbeiten mehr Frauen als Männer.#women#More women work here than men.#
frei#Ist der Platz noch frei?#free#Is the place still free?#
die Freizeit#In meiner Freizeit spiele ich oft Fußball.#free time#In my free time I often play football.#
fremd#Das weiß ich nicht, ich bin fremd hier.#foreign#I don’t know, I’m not from here.#
(sich) freuen#Ich freue mich auf den Urlaub.#to look forward#I’m looking forward to the holiday.#
der Freund, -e#Das ist ein Freund von mir.#friend#That is a friend of mine.#
die Freundin#Das ist meine Freundin.#friend / girlfriend#That is my friend/girlfriend.#Context differentiates between friend/girlfriend.
früher#Früher waren wir oft zusammen im Kino.#earlier#In the past we often went to the cinema together.#
frühstücken#Am Sonntag frühstücke ich gern im Bett.#to breakfast#On Sunday I like to have breakfast in bed.#
das Frühstück#Möchtest du ein Ei zum Frühstück?#breakfast#Would you like an egg for breakfast?#
die Führung#Die Führung durch das Haus beginnt in 3 Minuten.#tour#The tour of the house begins in 3 minutes.#
für#Das ist für Sie.#for#That‘s for you.#
für#Das ist der Schlüssel für die Haustür.#for#That‘s the key for the house door.#
für#Das ist das Brot für morgen.#for#That‘s the bread for tomorrow.#
der Fuß, -ü, e#Der linke Fuß tut mir weh.#foot#My left foot is hurting.#
der Fußball#Spielt ihr gerne Fußball?#football#Do you like playing football?#
der Garten#Wir haben leider keinen Garten.#garden#Unfortunately we don‘t have a garden.#
der Gast, -ä, e#Am Wochenende haben wir mehrere Gäste.#guest#At the weekend we have some guests.#
geben#Kannst du mir bitte deinen Kugelschreiber geben?#to give#Can you give me your pen please?#
es gibt#Es gibt keine Karten mehr.#there are#There are no more cards.#
geboren#Ich bin in Zagreb geboren.#to be born#I was born in Zagreb.#
das Geburtsjahr#Das Geburtsjahr Ihres Sohnes, bitte?#birth year#Your son‘s year of birth, please?#
der Geburtsort#Bitte schreiben Sie Ihren Geburtsort auf das Formular.#birthplace#Please write your birthplace on the form.#
der Geburtstag#Herzlichen Glückwunsch zum Geburtstag!#birthday#Best wishes on your birthday!#
gefallen#Das gefällt mir.#to like#I like that.#
gegen#Fahr nicht gegen den Baum!#into#Don’t drive into the tree!#
gegen#Ich bin gegen diese Lösung.#against#I am against this solution.#
gegen#Wer spielt gegen wen?#against#Who is playing against whom?#
gehen#Ich weiß nicht, wie das geht.#to go#I don’t know how that goes.#
gehen#Wie geht‘s?#to go#How is it going?#
gehen#Jetzt muss ich (aber) leider gehen.#to go#Unfortunately I need to go now.#
gehen#Ich muss zum Arzt gehen.#to go#I need to go to the doctor.#
gehen#Das geht nicht!#to be okay#That’s not okay!#
gehören#Wem gehört das?#to belong#To whom does that belong?#
das Geld#Hast du noch Geld?#money#Do you still have money?#
das Gemüse#Gemüse brauchen wir auch noch.#vegetables#We also need more vegetables.#
das Gepäck#Wollen Sie Ihr Gepäck mitnehmen?#luggage#Do you want to take your luggage with you?#
gerade#Da kommt er ja gerade.#now#There he comes now.#
geradeaus#Gehen Sie immer geradeaus!#straight on#Keep going straight on!#
gern(e)#Ich gehe gerne einkaufen.#happily#I like to go shopping.#
das Geschäft, -e#Die Geschäfte schließen um 18.30 Uhr.#shop#The shop closes at 18:30.#
das Geschenk, -e#Danke für das schöne Geschenk.#present#Thank you for the beautiful present.#
die Geschwister (pl.)#Ich habe leider keine Geschwister.#sibling#Unfortunately I have no siblings.#
das Gespräch, -e#Das Gespräch mit Frau Kunz ist um 14 Uhr.#conversation#The conversation with Ms. Kunz is at 2 pm.#
gestern#Gestern war ich krank.#yesterday#Yesterday I was ill.#
gestorben#Meine Frau ist gestern gestorben.#died#My wife died yesterday.#
das Getränk, -e#Mein Lieblingsgetränk ist Tomatensaft.#drink#My favourite drink is tomato juice.#
das Gewicht#Bei „Gewicht“ schreibst du: 62 Kilo.#weight#For “weight”, write 62kg.#
gewinnen#Wer gewinnt das Spiel?#to win#Who won the game?#
das Glas, -ä, er#Bitte noch ein Glas Wein!#glass#Another glass of wine please!#
das Glas, -ä, er#Wir brauchen noch drei Gläser.#glasses#We need three more glasses.#
glauben#Sie können mir glauben, es ist so.#to believe#You can believe me, it’s true.#
glauben#Ich glaube, er kommt gleich.#to think#I think he’s coming now.#
gleich#Das ist mir gleich.#same#It’s the same to me.#
gleich#Das ist der gleiche Preis.#same#That is the same price.#
gleich#Ich komme gleich.#now#I’m coming right now.#
das Gleis, -e#Der ICE nach Berlin hält heute an Gleis 12.#platform#The ICE to Berlin is stopping on platform 12 today.#
das Glück#Viel Glück!#luck#Good luck!#
glücklich#Meine Kinder sind glücklich verheiratet.#happily#My children are happily married.#
der Glückwunsch#Herzlichen Glückwunsch zum Geburtstag.#best wishes#Best wishes on your birthday!#
Grad (Celsius)#Heute haben wir dreißig Grad.#degrees#Today it is thirty degrees.#
gratulieren#Ich gratuliere dir!#congratuations#Congratulations!#
grillen#Heute grillen wir im Garten.#to barbeque#Today we are having a barbeque in the garden.#
groß#Mein Bruder und ich sind gleich groß.#large#My brother and I are the same height.#
groß#Frankfurt ist eine große Stadt.#large#Frankfurt is a large town.#
die Größe#Haben Sie das auch in Größe 40?#size#Do you also have that in size 40?#
die Großeltern (pl.)#Meine Großeltern leben in Japan.#grandparents#My grandparents live in Japan.#
die Großmutter#Meine Großmutter heißt Eva.#grandmother#My grandmother is called Eva.#
der Großvater#Mein Großvater ist schon 80.#grandfather#My grandfather is already 80.#
die Gruppe, -n#Die erste Gruppe beginnt um 16 Uhr.#group#The first group begins at 4 pm.#
der Gruß, -ü, e#Viele Grüße an Ihre Frau.#greeting#Give my regards to your wife.#
der Gruß, -ü, e#Mit freundlichen Grüßen#regards#Kind regards.#
gültig#Der Pass ist nicht mehr gültig.#valid#The pass is no longer valid.#
günstig#Dort gibt es günstige Angebote.#cheap#There are the cheap offers.#
gut#Das finde ich gut.#good#I think that’s good.#
gut#Ich komme um 13 Uhr. / Gut!#good#I will arrive at 1 o’clock pm. / Good!#
gut#Guten Morgen!#good#Good morning!#
gut#Ein gutes neues Jahr!#…#Happy new year!#
gut#Guten Appetit!#…#Bon appetit!#
das Haar, -e#Sie hat lange Haare.#hair#She has long hair.#
haben#Ich habe ein neues Auto.#to have#I have a new car.#
das Hähnchen, -#Ein Hähnchen mit Pommes bitte!#chicken#A chicken with chips please!#
die Halbpension#Möchten Sie Vollpension oder Halbpension?#board (dining)#Would you like full- or half-board?#
die Halle#Wir treffen uns in Halle B.#hall#We will meet in hall B.#
hallo#Hallo Inge! Wie geht’s?#hello#Hello Inge! How’s it going?#
halten#Dieser Zug hält nicht in Rüdesheim.#to stop#This train does not stop in Rüdesheim.#
die Haltestelle#An der nächsten Haltestelle müssen Sie aussteigen.#(public transport) stop#At the next stop you must alight.#
die Hand, -ä, e#Er gibt mir die Hand.#hand#He gave me his hand.#
das Handy, -s#In der Schule bitte die Handys ausmachen!#mobile telephone#Please turn of your mobile phones in school!#
das Haus, -ä, er#In welchem Haus wohnst du?#house#Which house do you live in?#
das Haus, -ä, er#Ich gehe jetzt nach Hause.#home#I’m going home now.#
das Haus, -ä, er#Paul ist nicht zu Hause.#home#Paul is not home.#
die Hausaufgabe,-n#Kannst du mir bei den Hausaufgaben helfen?#homework#Can you help me with the homework?#
die Hausfrau, -en/#Die Hausfrau wäscht, kocht und kauft ein.#housewife#The housewife washes, cooks, and goes shopping.#
der Hausmann#Der Hausmann wäscht, kocht und kauft ein.#househusband#The househusband washes, cooks, and goes shopping.#
die Heimat#Ich komme aus der Schweiz. Das ist meine Heimat.#home#I come from Switzerland. That’s my home.#
heiraten#Meine Schwester heiratet einen Japaner.#to marry#My sister married a Japanese man.#
heißen#Ich heiße Charlotte Meier.#to be called#I’m called Charlotte Meier.#
heißen#Wie heißt das auf Deutsch?#to be called#What’s that called in German?#
helfen#Können Sie mir helfen, bitte?#to help#Can you help me please?#
hell#Im Sommer ist es bis 21 Uhr hell.#light#In summer it is light until 9 o’clock.#
der Herd#In der neuen Küche fehlt noch der Herd.#hob#The hob is still missing from the new kitchen.#
der Herr, -en#Guten Tag, Herr Sommer!#Mister#Good day, Mr. Sommer!#
herzlich#Herzlichen Glückwunsch!#…#Congratulations!#
heute#Heute ist ein schöner Tag.#today#Today is a beautiful day.#
hier#Hier ist 06131-553221, Pamela Linke.#here#This is 06131-553221, Pamela Linke.#
hier#Hier wohne ich.#here#I live here.#
die Hilfe#Hilfe! Bitte helfen Sie mir!#help#Help! Please help me!#
die Hilfe#Brauchen Sie meine Hilfe?#help#Do you need my help?#
hinten#Die Tür zum Aussteigen ist hinten.#behind?#The exit door is at the back.#
das Hobby, -s#Meine Hobbys sind Wandern und Schwimmen.#hobby#My hobbies are hiking and swimming.#
hoch#Der Mount Everest ist 8.880 Meter hoch.#high#Mount Everest is 8’880 meters high.#
die Hochzeit#Zur dieser Hochzeit kommen mehr als fünfzig Gäste.#marriage#More than fifty guests are coming to this wedding.#
holen#Ich hole zwei Flaschen Wasser aus der Küche.#to fetch#I’m fetching two bottles of water from the kitchen.#
hören#Hör mal! Was ist das?#to listen#Listen! What is that?#
hören#Ich habe das Lied schon mal gehört.#to hear#I have already heard that song.#
das Hotel, -s#Im Urlaub sind wir in einem Hotel am Meer.#hotel#On holiday we are in a hotel on the sea.#
der Hund, -e#Der Hund ist noch jung.#dog#The dog is still young.#
der Hunger#Ich habe Hunger! Wann ist das Essen fertig?#hunger#I’m hungry! When will the food be ready?#
ich#Ich heiße Veronika.#I#I’m called Veronika.#
ihm/ihr#Gib ihm/ihr bitte das Buch.#him/her#Please give the book to him/her.#
ihn#Ruf ihn bitte an.#him#Call him, please.#
immer#Frau Bast kommt immer zu spät.#always#Ms. Bast always comes too late.#
in#Ich wohne in Wiesbaden.#in#I live in Wiesbaden.#
in#Der Zug kommt in fünf Minuten.#in#The train comes in five minutes.#
in#Frau Rausch arbeitet in einem Geschäft.#in#Ms. Rausch works in a shop.#
in#Komm, wir gehen ins Kino.#to#Come on, we’re going to the cinema.#
die Information, -en#Wenn Sie Fragen haben, gehen Sie zur Information.#information point#If you have questions, go to the information point..#
die Information, -en#Wir haben hier wichtige Informationen für Sie.#information#We have important information for you.#
international#Unser Deutschkurs ist international: Silvana kommt aus Italien, Conchi aus Spanien, Yin aus China ...#international#Our German course is international: Silvana comes from Italy, Conchi from Spain, Yin from China, …#
das Internet#Das findest du im Internet.#internet#You will find that on the internet.#
ja#Sind Sie Herr Watanabe? / Ja.#yes#Are you Mr. Watanabe? / Yes.#
die Jacke, -n#Zieh dir eine Jacke an. Es ist kalt.#jacket#Put your jacket on. It’s cold.#
jed-#Blumen kannst du in jedem Bahnhof kaufen.#every#You can buy flowers in every station.#
jetzt#Jetzt machen wir eine Pause.#now#Now we will have a break.#
der Job, -s#Jenny hat einen neuen Job bei der Post.#job#Jenny has a new job at the post office.#
der Jugendliche, -n#Viele Jugendliche kaufen gern ein.#youth#Many youths like shopping.#
jung#Claudia ist 21. / Was? Noch so jung?#young#Claudia is 21. / What? Still so young?#
der Junge, -n#Ich habe zwei Kinder. Einen Jungen und ein Mädchen.#boy#I have two children. One boy and one girl.#
der Kaffee#Zum Frühstück trinke ich immer Kaffee.#coffee#For breakfast I always drink coffee.#
kaputt#Das Glas war teuer. Es geht sehr leicht kaputt.#broken#The glass was expensive. It will break very easily.#
die Karte, -n#Ich schreibe meinen Bekannten eine Karte aus dem Urlaub.#card#I’ll write my acquaintance a card from holiday.#
die Karte, -n#Wollen wir Karten spielen?#card#Shall we play cards?#lit. Do we want to…
die Karte, -n#Ich möchte auch etwas essen. Bringen Sie mir die Karte, bitte.#menu#I also want to eat something. Please bring me the menu.#
(Kredit)-Karte, -n#Kann ich auch mit Karte (be-) zahlen?#(credit) card#Can I pay by card?#
die Kartoffel, -n#Für Pommes frites braucht man Kartoffeln.#potato#For chips one needs potatoes.#
die Kasse#Zahlen Sie bitte an der Kasse.#till#Please pay at the till.#
kaufen#Tim kauft sich ein neues Auto.#to buy#Tim bought himself a new car.#
kein#Es gibt keine Eintrittskarten mehr.#no/none#There are no more tickets.#
kennen#Kennen Sie diese Frau? / Nein, leider nicht.#to know#Do you know this woman? / No, unfortunately not.#
kennenlernen#Wir sind neu hier. Wir möchten Sie kennenlernen.#to get to know#We are new here. We would like to get to know you.#
das Kind, -er#Wie viele Kinder haben Sie?#child#How many children do you have?#
der Kindergarten#Die kleine Laura geht schon in den Kindergarten.#kingergarten#Little Laura is already going to kindergarten.#
das Kino, -s#Wir sehen heute Abend im Kino einen schönen Film.#cinema#We’re watching a beautiful film this evening.#
der Kiosk#Am Kiosk bekommen Sie Getränke, Zigaretten und Zeitungen.#kiosk#At the kiosk you can get drinks, cigarettes, and newspapers.#
klar#Kommst du mit? / Klar!#clear#Are you coming with us? / Of course!#
die Klasse#In unserer Klasse sind fünfundzwanzig Schüler.#class#In our class there are twenty five pupils.#
die Klasse#Im Zug fahre ich immer 2. Klasse.#class#On the train I always travel in second class.#
die Kleidung#Wo finde ich Kleidung? / Jacken im ersten, Jeans im zweiten Stock.#clothes#Where can I find clothes? / Jackets on the first floor, Jeans on the second.#
klein#Eltville ist eine kleine Stadt am Rhein.#small#Eltwille is a small town on the Rhein.#
kochen#Herr Georgi kann gut kochen.#to cook#Mr. Georgi is good at cooking.#
der Koffer, –#Ist das Ihr Koffer?#suitcase#Is that your suitcase?#
der Kollege, -n#Wie heißt die neue Kollegin?#colleague#What’s your new colleague called?#NB: -in means the colleague is female
kommen#Woher kommen Sie? / Aus Frankreich.#to come#Where do you come from? / From France.#
kommen#Kommst du mit ins Schwimmbad?#to come#Are you coming with us to the pool?#
können#Ich kann Deutsch und Russisch.#to be able to#I can speak German and Russian.#
können#Können Sie mir helfen?#to be able to#Can you help me?#
das Konto#Das Geld überweisen wir am ersten März auf Ihr Konto.#account#We will transfer the money to your account on the first of March.#
der Kopf#Mein Kopf tut weh!#head#My head hurts!#
kosten#Wie viel kostet das? / 10 Euro.#to cost#How much does that cost? / 10 Euros.#
krank#Ich kann heute nicht zur Arbeit kommen, ich bin krank und liege im Bett.#ill#I can’t come to work today, I’m ill and bedbound.#
kriegen#Ich kriege 15 Euro in der Stunde für meine Arbeit.#to get#I get 15 Euros an hour for my work.#
die Küche#Der neue Herd kommt in die Küche.#kitchen#The new stove is in the kitchen.#
der Kuchen#Ich nehme ein Stück Kuchen.#cake#I’ll take a piece of cake.#
der Kugelschreiber#Hast du einen Kugelschreiber für mich?#ball-point pen#Do you have a pen I can borrow?#
der Kühlschrank#Haben wir noch Milch? / Ja, im Kühlschrank.#fridge#Do we still have milk? / Yes, in the fridge.#
kulturell#Ich bin kulturell interessiert. Ich gehe oft ins Museum.#cultural#I am interested in culture. I often go to the museum.#
sich kümmern#Jede Mutter kümmert sich um ihre kleinen Kinder.#to look after#Every mother looks after her little children.#
der Kunde, -n#Einen Moment, bitte. Ich habe eine Kundin.#customer#One moment please. I have a customer.#NB: -in implies female customer
der Kurs, -e#Der Deutschkurs geht bis zum Sommer.#course#The German course runs until summer.#
kurz#Ricardo hat kurzes Haar.#short#Ricardo has short hair.#
lachen#Die Kinder lachen viel.#to laugh#The children laugh a lot.#
der Laden, -ä#Im Buchladen können Sie Bücher kaufen.#shop#In the bookshop you can buy books.#
das Land, -ä, er#Italien ist ein schönes Land.#country#Italy is a beautiful country.#
lang#Die Jeans ist zu lang.#long#The jeans are too long.#
lange#Wie lange fährt der Zug von Hamburg nach Berlin?#long#How long is the train journey from Hamburg to Berlin?#
langsam#Könnten Sie bitte etwas langsamer sprechen?#slow#Can you please speak a little slower?#
laufen#Ich möchte nicht Auto fahren, ich möchte laufen.#to walk/run#I don’t want to go by car, I want to walk.#
laut#Nicht so laut! Das Baby schläft.#loud#Not so loud! The baby is sleeping.#
leben#Sie lebt bei ihrer Schwester.#to live#She lives at her sister‘s.#
leben#Ihre Eltern leben nicht mehr.#to live#Her parents are no longer alive.#
das Leben#Das Leben in diesem Land ist teuer.#life#Life in this country is expensive.#
die Lebensmittel (pl.)#Lebensmittel bekommen Sie im Supermarkt.#food#You can get food from the supermarket.#
ledig#Sind Sie verheiratet? / Nein. Ledig.#single#Are you married? / No. Single.#
legen#Legen Sie das Buch auf den Tisch.#to put#Put the book on the table.#
der Lehrer, –#Unsere Deutschlehrerin heißt Frau Müller.#teacher#Our German teacher is called Ms. Müller.#
leicht#Der Koffer ist leicht.#light (weight)#The suitcase is light.#
leicht#Deutsch ist nicht leicht.#easy#German is not easy.#
leider#Leider kann ich nicht kommen. Ich muss zum Arzt.#unfortunately#Unfortunately I can’t come. I need to go to the doctor.#
leise#Seid leise. Die anderen schlafen schon.#quiet#Be quiet. The others are already asleep.#
lernen#Wie lange lernen Sie schon Deutsch?#to learn#How long have you been learning German?#
lesen#Ich lese ein Buch von García Márquez.#to read#I’m reading a book by García Márquez.#
letzt-#Morgen ist der letzte Kurstag.#last#Tomorrow is the last day of the course.#
die Leute (pl.)#In der Disko sind viele Leute.#people#There are many people in the disco.#
das Licht#Wo macht man hier das Licht an?#light#Who switched on the light?#
lieb-#Liebe Susanne, lieber Hans,#dear#Dear Susanne, dear Hans,#
lieben#Ich liebe dich!#to love#I love you!#
lieber#Sie fährt lieber mit der Bahn.#to prefer#She prefers to travel by train.#
Lieblings-#Mein Lieblingsfilm ist „Schwarze Augen“.#favourite#My favourite film is “Black Eyes”.#
das Lied, -er#Welches ist dein Lieblingslied?#song#Which is your favourite song?#
liegen#Um neun Uhr liegt Judith noch im Bett.#to lay#At nine o’clock Judith was already laying in bed.#
liegen#Frankfurt liegt am Main.#to sit#Frankfurt sits on the Main.#NB: not for humans
links#Gehen Sie die nächste Straße links.#left#Go down the next street on the left.#
der Lkw, -s#Dieser Lastkraftwagen ist sehr groß.#HGV#The heavy goods vehicle is very large.#
das Lokal#In unserer Straße gibt es ein neues Lokal.#pub#There is a new pub on our street.#
die Lösung, -en#Die Lösung ist ganz einfach.#solution#The solution is quite simple.#
lustig#Frau Mertens ist lustig. Sie lacht immer.#funny#Ms. Mertens is funny. She is always laughing.#
machen#Was machst du heute Abend?#to do#What are you doing this evening?#
machen#Ich muss jetzt das Essen machen.#to make#I need to make the food now.#
machen#Das macht 5 Euro 95.#to come to#That comes to 5 Euros 95.#
machen#Das macht nichts.#to do#That doesn’t do anything.#
das Mädchen, –#Familie Kurz bekommt ein Baby. / Junge oder Mädchen?#girl#The Kurz family have a new baby. / Boy or girl?#
man#Hier darf man nicht rauchen.#one / impersonal ‘you’#You may not smoke here.#NB: not pretentious/sounding in German
der Mann, -ä, er#Mein Mann arbeitet bei der Polizei.#man#My husband works for the police.#
männlich#Kreuzen Sie bitte an: „weiblich“ oder „männlich“.#male#Please place a cross next to “female” or “male”.#
die Maschine, -n#Die Waschmaschine ist günstig.#machine#The washing machine is cheap.#
das Meer#Wir machen Urlaub am Meer.#sea#We are going on holiday by the sea.#
mehr#Dieses Auto kostet 1.000 Euro mehr als das andere.#more#This car costs 1000 Euros more than the other.#
mein#Mein Vater ist Arzt.#my#My father is a doctor.#
meist-#Die meisten Norddeutschen sind sehr groß.#most#Most north Germans are very tall.#
der Mensch, -en#Die Menschen sind hier anders als bei uns.#people#The people here are different to us.#
mieten#Ich möchte ein Auto mieten.#to rent#I would like to rent a car.#
die Miete#Die Miete für diese Wohnung ist 600 Euro.#rent#The rent for this flat is 600 Euros.#
die Milch#Die Milch steht im Kühlschrank.#milk#The milk is in the fridge.#
mit#Trinken Sie den Kaffee mit Milch?#with#Do you take milk with your coffee?#
mitbringen#Ich gehe einkaufen. Soll ich dir was mitbringen?#to bring with#I’m going shopping. Should I get you anything?#
mitkommen#Ich gehe ins Kino. Kommst du mit?#to come with#I’m going to the cinema. Are you coming too?#
mitmachen#Warum macht ihr nicht mit?#to do with#Why doesn’t he join in?#
mitnehmen#Nehmen wir meine Schwester ins Kino mit?#to take with#Are we taking my sister with us to the cinema?#
die Mitte#Der Lehrer steht in der Mitte des Klassenzimmers.#middle#The teacher stands in the middle of the classroom.#
die Möbel (pl.)#Sind die Möbel neu?#furniture#Is the furniture new?#
möchten#Was möchten Sie trinken?#would like to#What would you like to drink?#
mögen#Magst du Kaffee oder Tee?#to like#Do you like coffee or tea?#
möglich#Mit dieser Fahrkarte ist die Fahrt ab 9 Uhr möglich.#possible#With this ticket, it is possible to travel after 9 o‘clock.#
der Moment#Moment mal bitte!#moment#Just a moment, please!#
der Moment#Einen Moment bitte.#moment#One moment please.#
morgen#Morgen beginnt die Schule um 10 Uhr.#tomorrow#Tomorrow school begins at 10 o’clock.#
müde#Ich bin müde. Ich gehe schlafen.#tired#I’m tired. I’m going to sleep.#
der Mund#Öffnen Sie den Mund.#mouth#Open your mouth.#
müssen#Ich muss jeden Tag von 8 Uhr bis 18 Uhr arbeiten.#to be obliged to#I need to work from 8am to 6pm every day.#
die Mutter, -ü#Frau Berghäuser ist die Mutter von Michaela.#mother#Ms. Berghäuser is the mother of Michaela.#
nach#Ich gehe jetzt nach Hause.#to somewhere)#I’m going home now.#
nach#Ich fliege nach München.#to (somewhere)#I’m flying to Munich.#
nach#Es ist schon 5 nach 12.#after#It is already 5 past 12.#
nächst-#Sehen wir uns nächste Woche?#next#Are we seeing each other next week?#
der Name, -n#Mein Name ist Thomas Schmidt.#name#My name is Thomas Schmidt.#
der Name, -n#Mein Vorname ist Thomas, Schmidt ist der Familienname.#name#My first name is Thomas, Schmidt is the surname.#
nehmen#Heute gibt es Hähnchen. Das nehme ich.#to take#There is chicken today. I’ll take it.#
nehmen#Ich nehme den Bus.#to take#I take the bus.#
nein#Fährst du auch nach München? / Nein, ich habe keine Zeit.#no#Are you also travelling to Munich? / No, I don‘t have time.#
neu#Ich bin der neue Kollege.#new#I am the new colleague.#NB: male colleague
neu#Wir haben eine neue Wohnung.#new#We have a new flat.#
nicht#Das stimmt nicht.#not#That’s not right.#
nicht#Das ist doch schön, nicht?#no#That’s really beautiful, no?#
nichts#Das macht nichts.#nothing#That does nothing.#
nichts#Hier kaufe ich nichts. Der Laden gefällt mir nicht.#nothing#I won’t buy anything here. I don’t like the shop.#
nie#Er kommt nie pünktlich.#never#He never comes on time.#
noch#Vielleicht kommt er noch.#still#Perhaps he will still come.#
noch#Wir warten noch fünf Minuten.#another#We will wait another five minutes.#
noch#Ich habe noch 20 Euro.#still#I still have 20 Euros.#
normal#75 kg. Sein Gewicht ist normal.#normal#75kg. Your weight is normal.#
die Nummer, -n#Sie haben Zimmer Nummer zwölf.#number#You have room number 12.#
die Nummer, -n#Welche Hausnummer haben Sie?#number#Which house number is yours?#
die Nummer, -n#Können Sie mir Ihre Nummer geben?#number#Can you give me your number?#
nur#Ich möchte nur ein Glas Wasser.#only#I would just like a glass of water.#
oben#Ich wohne oben.#upstairs#I live upstairs.#
das Obst#Im Sommer ist das Obst billig.#fruit#In summer fruit is cheap.#
oder#Wann können Sie kommen – heute oder morgen?#or#When can you come – today or tomorrow?#
öffnen#Ich öffne die Tür.#to open#I will open the door.#
geöffnet#Der Laden ist samstags bis 16.00 Uhr geöffnet.#opened#The shop is open until 4pm on Saturdays.#
oft#Petra treffe ich oft.#often#I often meet Petra.#
ohne#Ohne Geld kann er nichts kaufen.#without#Without money he can’t buy anything.#
das Öl#Den Salat machen wir ohne Öl.#oil#We will make the salad without oil.#
die Oma, -s#Meine Oma ist schon tot.#grandmother#My grandmother is already dead.#
der Opa, -s#Mein Opa heißt Hans.#grandfather#My grandfather is called Hans.#
die Ordnung#Das ist in Ordnung.#order#That is in order.#NB: in order/acceptable
der Ort, -e#Der Ort liegt am Meer.#location#That location is on the sea.#
das Papier#Hier sind Papier und Bleistift.#paper#Here is a pencil and paper.#
die Papiere (pl.)#Haben Sie Ihre Papiere dabei?#papers#Do you have your papers with you?#
der Partner, -/#Er is mein Partner.#(male) partner#He is my partner.#
die Partnerin, -nen#Sie ist meine Partnerin.#(female) partner#She is my partner.#
die Party#Heute Abend machen wir eine Party.#party#This evening we are having a party.#
der Pass, -ä, e#Im Hotel brauchst du deinen Pass.#passport#In the hotel you need your passport.#
die Pause, -n#Von 12.00 bis 12.30 Uhr haben wir Mittagspause.#break#From 12 until 12:30 we have a lunch break.#
der Plan, -ä, e#Ich kaufe mir einen Stadtplan.#plan#I will buy myself a map of the town.#
der Platz, -ä, e#Tut mir leid, der Platz ist besetzt.#place#I’m sorry, this place is occupied.#
der Platz, -ä, e#Bitte nehmen Sie Platz!#place#Please take a place!#
der Platz, -ä, e#Ich wohne Messeplatz 5.#square#I live at Messeplatz 5.#
die Polizei#Holen Sie die Polizei!#police#Fetch the police!#
die Pommes frites (pl.)#Die Kinder essen Hähnchen mit Pommes frites.#chips#The children are eating chicken and chips.#
die Post#Wo ist die Post, bitte?#post office#Where is the post office please?#
die Post#Ist Post da?#post / mail#Is the post there?#
die Postleitzahl#Wie ist Ihre Postleitzahl?#postcode#What is your postcode?#
das Praktikum#Ich mache ein Praktikum bei Siemens.#internship#I am doing an internship at Siemens.#
die Praxis#Die Praxis ist ab acht Uhr geöffnet.#practice#The practice is open until 8 o’clock.#
der Preis, -e#Die Preise sind hoch.#price#The prices are high.#
das Problem, -e#Mein Problem ist die Sprache.#problem#My problem is the language.#
der Prospekt, -e#Bitte schicken Sie mir einen Prospekt von Ihrem Hotel.#brochure#Please send me a brochure for your hotel.#
die Prüfung#Die Prüfung ist am Montag um 8.00 Uhr.#examination#The exam is on Monday at 8am.#
pünktlich#Der Bus fährt pünktlich um acht Uhr.#sharp#The bus leaves at 8 o’clock sharp.#
pünktlich#Herr Müller ist immer pünktlich.#punctual#Mr. Müller is always punctual.#
Rad fahren#Das Kind kann schon Rad fahren.#to cycle#The child can already ride a bike.#
rauchen#Ich rauche nicht.#to smoke#I don’t smoke.#
der Raum, -ä, e#Der Unterricht ist in Raum 332.#room#The class is in room 332.#
die Rechnung, -en#Die Rechnung, bitte.#bill#The bill, please.#
rechts#Die Schillerstraße ist hier rechts.#right#Schillerstraße is on the right here.#
regnen#Heute regnet es.#to rain#Today it’s raining.#
der Regen#Bei diesem Regen gehe ich nicht raus.#rain#I’m not going out in this rain.#
der Reis#Ich esse gern Reis.#rice#I like eating rice.#
reisen#Ich reise gern.#to travel#I like to travel.#
die Reise#Wir machen eine Reise nach Österreich.#journey#We are going on a trip to Austria.#
das Reisebüro, -s#Mein Mann arbeitet im Reisebüro.#travel agency#My husband works in a travel agency.#
der Reiseführer#Ich kaufe mir einen Reiseführer von Berlin.#tour guide#I paid for a tour guide from Berlin.#
der Reiseführer#Unser Reiseführer heißt Peter.#tour guide#Our tour guide is called Peter.#
reparieren#Er hat das Fahrrad repariert.#to repair#He has repaired the bicycle.#
die Reparatur#Die Reparatur ist sehr teuer.#repair#The repair is very expensive.#
das Restaurant, -s#Wir essen heute in einem Restaurant.#restaurant#We are eating at a restaurant today.#
die Rezeption#Fragen Sie bitte im Hotel an der Rezeption.#reception#Please ask at the hotel reception.#
richtig#Habe ich das richtig verstanden?#correct#Have I understood that correctly?#
richtig#Das ist richtig.#true#That is true.#
riechen#Dieser Wein riecht gut.#to smell#This wine smells good.#
ruhig#Ich möchte ein ruhiges Zimmer.#quiet#I would like a quiet room.#
der Saft#Möchtest du einen Apfelsaft?#juice#Would you like an apple juice?#
sagen#Sag mal, wie geht es dir denn?#to say#Tell me, how’s it going?#
der Salat#Wie schmeckt dir der Salat?#salad#How does the salad taste?#
das Salz#Herr Ober, kann ich bitte Salz haben?#salt#Mr. Ober, can I have the salt please?#
Satz, -ä, e#Dieser Satz ist sehr einfach.#sentence#This sentence is very simple.#
die S-Bahn#Ich nehme lieber die S-Bahn.#commuter train#I prefer to take the S-Bahn.#
der Schalter#Gehen Sie bitte zum Schalter drei!#counter#Please go to counter 3!#
scheinen#Die Sonne scheint.#to shine#The sun is shining.#
schicken#Bitte schicken Sie mir eine E-Mail.#to send#Please send me an email.#
das Schild, -er#Haben Sie nicht das Schild gesehen?#sign#Did you not see the sign?#
der Schinken, –#Ich möchte gern ein Schinkenbrot.#ham#I would like a ham roll.#
schlafen#Ich schlafe meistens acht Stunden.#to sleep#I usually sleep for 8 hours.#
schlecht#Mir ist schlecht!#sick#I am sick.#NB: ill
schlecht#Sie sehen schlecht aus.#bad#You look bad.#
schlecht#Wir haben schlechtes Wetter.#bad#We have bad weather.#
schließen#Bitte, schließen Sie die Tür.#to close#Please close the door.#
geschlossen#Die Bank hat am Samstag geschlossen.#closed#The bank closed on Saturday.#
der Schluss#Ich muss jetzt Schluss machen.#closure#I need to close up now.#
der Schluss#Zum Schluss gibt er uns allen die Hand.#finish#To finish, he shakes everyone’s hand.#
der Schlüssel, –#Ich gebe Ihnen noch den Zimmerschlüssel.#key#I’ll give you the room key again.#
schmecken#Schmeckt das gut?#to taste#Does that taste good?#
schnell#Er fährt schnell.#quickly#He drives quickly.#
schon#Ist das Essen schon fertig?#already#Is the food already finished?#
schön#Schönen Urlaub!#lovely#Have a lovely holiday!#
schön#Das ist sehr schön.#beautiful#That is very beautiful.#
der Schrank, -ä, e#Die Gläser stehen im Schrank.#cupboard#The glasses are in the cupboard.#
schreiben#Er schreibt jeden Tag fünfzig E-Mails.#to write#He writes fifty emails a day.#
der Schuh, -e#Zieh die Schuhe aus!#shoe#Take your shoes off!#
die Schule#Meine Tochter geht schon in die Schule.#school#My daughter is already going to school.#
die Schule#Die Schule ist gleich hier um die Ecke.#school#The school is right around this corner.#
der Schüler, –#In meinem Kurs sind acht Schülerinnen und fünf Schüler.#pupil#In my course there are 7 female pupils, and 5 male pupils.#
schwer#Ist Ihr Gepäck sehr schwer?#heavy#Is your luggage very heavy?#
schwer#Das ist eine schwere Arbeit.#difficult#That is a very difficult job.#
die Schwester, -n#Meine Schwester kommt am Dienstag.#sister#My sister is coming on Tuesday.#
schwimmen#Ich schwimme jeden Tag einen Kilometer.#to swim#I swim a kilometer every day.#
das Schwimmbad#Kommst du mit ins Schwimmbad?#swimming pool#Are you coming to the swimming pool with us?#
der See#Komm, wir fahren zum Starnberger See.#lake#Come, we’re going to the Starnberger lake.#
sehen#Ich kann dich nicht sehen.#to see#I can’t see you.#
sehen#Ich habe diesen Jungen schon einmal gesehen.#to see#I have already seen this boy once.#
die Sehenswürdigkeit, -en#Welche Sehenswürdigkeiten gibt es in Frankfurt?#sights/attractions#Which sights are there to see in Frankfurt?#
sehr#Danke sehr!#very#Thank you very much!#
sehr#Das ist sehr schwer.#very#That is very heavy.#
sein#Herr Müller ist in seinem Zimmer.#his#Mr. Müller is in his room.#
sein#Mir ist kalt.#to be#I feel cold.#
sein#Ich bin dreiundzwanzig.#to be#I am twenty three.#
an sein#Das Licht ist noch an.#to be on#The light is still on.#
auf sein#Das Fenster ist noch auf.#to be off#The window is still open.#
weg sein#Herr Meier ist schon weg.#to be gone#Mr. Meier is already gone.#
zu sein#Die Tür ist zu.#to be closed#The door is closed.#
seit#Ich wohne seit drei Jahren in Köln.#since#I have live in Cologne for three years.#
selbstständig#Er ist selbstständig.#independent#He is independent.#
sich#Sie müssen sich erst anmelden.#yourself#You must register yourself first.#
sie#Wie heißt sie?#she#What is her name?#
Sie#Wie heißen Sie, bitte?#you (polite)#What is your name?#
sitzen#Wo sitzen Sie?#to sit#Where are you sitting?#
so#Sie müssen das so machen!#so#You must do it like this!#
so#Fahren Sie bitte nicht so schnell!#so#Please don’t drive so quickly!#
so#Meine Frau ist so groß wie ich.#as#My wife is as tall as me.#
so#So, das war‘s/wär‘s!#so#So, that was/would be it!#
das Sofa#Das Sofa ist neu.#sofa#The sofa is new.#
sofort#Bitte antworten Sie sofort.#immediately#Please answer immediately.#
der Sohn, -ö, e#Das ist Hans, mein Sohn.#son#That is Hans, my son.#
sollen#Soll ich kommen?#should#Should I come?#
sollen#Was soll ich mitbringen?#should#What should I bring with me?#
die Sonne#Die Sonne scheint.#sun#The sun is shining.#
spät#Es ist schon spät, ich muss gehen.#late#It is already late, I need to go.#
später#Das können wir später machen.#later#We can do that later.#
die Speisekarte#Bringen Sie mir die Speisekarte, bitte.#menu#Bring me the menu, please.#
spielen#Die Kinder spielen draußen.#to play#The children are playing outside.#
spielen#Spielen Sie Karten?#to play#Do you play cards?#
der Sport#Ich mache viel Sport.#sport#I do a lot of sport.#
die Sprache, -n#Welche Sprachen sprichst du?#language#Which languages do you speak?#
sprechen#Kann ich (mit) Herrn Klein sprechen?#to speak#Can I speak with Mr. Klein?#
die Stadt, -ä, e#Heidelberg ist eine alte Stadt.#town#Heidelberg is an old town.#
stehen#Ich glaube es nicht, aber es steht in der Zeitung.#…#I don’t believe it, but it says so in the paper.#
stehen#Der Bus steht schon an der Haltestelle.#…#The bus is already at the stop.#
die Stelle, -n#Ich habe eine neue Stelle.#position#I have a new position.#
stellen#Stell die Tasche rechts in die Ecke!#to put#Put your bag on the right in the corner.#
der Stock#Unsere Wohnung liegt im ersten Stock.#floor (of a building)#Our flat is on the first floor.#
die Straße, -n#In welcher Straße wohnen Sie?#street#Which street do you live on?#
die Straßenbahn#Wo fährt die Straßenbahn ab?#tram#From where does the tram depart?#
studieren#Ich studiere in Mainz.#to study#I study in Mainz.#
das Studium#Das Studium beginnt im Oktober.#degree course#The degree course begins in October.#
der Student, -en#Ich bin Studentin.#student#I am a student.#NB: female
die Stunde, -n#Ich bin in einer Stunde zurück.#hour#I will be back in an hour.#
suchen#Suchst du etwas?#to look/search#Are you looking for something?#
tanzen#Tanzen Sie gern?#to dance#Do you like to dance?#
die Tasche, -n#Ich habe die Schlüssel in der Tasche.#bag#I have the key in the bag.#
das Taxi, -s#Es gibt heute keinen Bus mehr. Er fährt mit dem Taxi.#taxi#There are no more buses today. He is travelling by taxi.#
der Tee#Ich trinke morgens immer Tee.#tea#I always drink tea in the morning.#
der Teil, -e#Lies bitte auch den zweiten Teil.#part#Please also read the second part.#
telefonieren#Darf ich mal telefonieren?#to telephone#May I make a phone call?#
das Telefon#Haben Sie Telefon?#telephone#Do you have a telephone?#
der Termin, -e#Am besten machen wir sofort einen Termin.#appointment#In the best case we’ll make an immediate appointment.#
der Test#Der Test war einfach.#test#The test was simple.#
teuer#Das ist mir zu teuer.#expensive#That is too expensive for me.#
der Text, -e#Lesen Sie bitte diesen Text.#text#Please read this text.#
das Thema#Wir sprechen heute über das Thema „Essen und Trinken“.#topic#Today we are talking about the topic “Food and Drink”.#
das Ticket, -s#Wie viel kostet das Ticket?#ticket#How much does the ticket cost?#
der Tisch, -e#Die Fotos liegen auf dem Tisch.#table#The photos are on the table.#
die Tochter, -ö#Das ist meine Tochter Katharina.#daughter#That is my daughter Katharina.#
die Toilette, -en#Wo ist die Toilette, bitte?#toilet#Where is the toilet please?#
die Tomate, -n#Die Tomate ist noch grün.#tomato#The tomato is still green.#
tot#Sein Vater ist schon lange tot.#dead#His father has been dead for a long time.#
(sich) treffen#Ich treffe in der Stadt einen Kollegen.#to meet#I am meeting a colleague in town.#NB: male
(sich) treffen#Wir treffen uns immer freitags.#to meet#We meet each other every Friday.#
die Treppe, -n#Die Toilette? Die Treppe hoch und dann links.#step#The toilet? Up the stairs and then left.#
trinken#Möchtest du etwas trinken?#to drink#Would you like something to drink?#
tschüss#Junge Leute sagen meistens „tschüss!“ und nicht „auf Wiedersehen“.##Young people mostly say “tschüss!” and not “auf Wiedersehen”.#
tun#Ich habe noch etwas zu tun.#to do#I still have something to do.#
tun#Was tut Ihr Mann?#to do#What does your husband do?#
über#Gehen Sie hier über die Straße.#across#Go across the street here.#
über#Er wohnt im zweiten Stock über Familie Meier.#above#He lives on the second floor above the Meier family.#
über#Sind Sie über 18?#over#Are you over 18?#
übernachten#Du kannst bei mir übernachten.#to stay overnight#You can stay at mine overnight.#
überweisen#Sie können das Geld auch überweisen.#to transfer#You can also transfer the money.#
die Uhr#Es ist vier Uhr.##It is four o’clock.#
um#Er kommt um sieben Uhr.#at#He is coming at seven o’clock.#
um#Da kommt er gerade um die Ecke.#around#There, he‘s coming round the corner now.#
umziehen#Nächsten Monat ziehen wir um.#to move (residence)#Next month we are moving.#
und#Peter und Helmut sind meine Söhne.#and#Peter are Helmut are my sons.#
unser-#Das ist unsere Lehrerin.#our#That is our teacher.#NB: female
unten#Er wohnt ganz unten im Haus.#at the bottom#He lives right at the bottom of the house.#
unter#Unter uns wohnt eine Familie mit drei Kindern.#under#Under us lives a family with three children.#
der Unterricht#Wir haben Unterricht von 8.00 bis 12.00 Uhr.#class#We have classes from 8am until 12pm.#
unterschreiben#Wo muss ich unterschreiben?#to sign#Where do I need to sign?#
die Unterschrift#Hier fehlt noch Ihre Unterschrift.#signature#Your signature is missing here.#
der Urlaub#Ich nehme im September Urlaub.#holiday#I’m taking holiday in September.#
der Vater, -ä#Mein Vater ist Arbeiter.#father#My father is a worker.#
verboten#Hier ist Rauchen verboten.#forbidden#Smoking is forbidden here.#
verdienen#Ich verdiene 1.500 Euro im Monat.#to earn#I earn 1’500 Euros per month.#
der Verein#Es gibt einen neuen Sportverein in der Stadt.#club#There is a new sports club in the town.#
verheiratet#Ich bin verheiratet und habe drei Kinder.#to be married#I am married and have three children.#
verkaufen#Er verkauft sein altes Auto.#to sell#He sold his old car.#
der Verkäufer, –#Meine Mutter ist Verkäuferin im Kaufhaus.#sales person#My mother is a saleswoman in a department store.#
vermieten#Die Wohnung ist schon vermietet.#to rent out#The flat is already rented out.#
der Vermieter#Unser Vermieter heißt Huber. Er wohnt auch hier.#landlord#Out landlord is called Huber. He lives here too.#
verstehen#Können Sie mich verstehen?#to understand#Can you understand me?#
der Verwandte, -n#Peter besucht seine Verwandten in Polen.#relatives#Peter visits his relatives in Poland.#
viel#Hier regnet es viel.#a lot#It rains a lot here.#
vielleicht#Ich komme vielleicht mit dem Bus.#may#I may come by bus.#
von#Das Auto von Felix ist kaputt.#of#Felix’s car is broken.#
von#Er kommt gerade von Köln/von zu Hause.#from#He’s coming from Cologne/home now.#
vor#Der Termin war vor einer Stunde.#ago#The appointment was an hour ago.#
vor#Das Auto steht vor der Tür.#in front of#The car is in front of the door.#
der Vorname, -n#Ich heiße Müller, mein Vorname ist Eva.#first name#I’m called Müller, my christian name is Eva.#
die Vorsicht#Vorsicht! Da kommt ein Auto.#attention#Careful! There’s a car coming.#
(sich) vorstellen#Wir wollen uns kennenlernen. Können Sie sich bitte vorstellen?#to introduce#We would like to get to know each other. Can you introduce yourself?#
die Vorwahl#Wie ist die Vorwahl von München?#area code#What is the area code of Munich?#
wandern#Wir wandern um den Chiemsee.#to hike#We are hiking around the Chiem lake.#
wann#Wann bist du fertig?#when#When are you finished?#
wann#Wann kann ich Sie anrufen?#when#When can I call you?#
wann#Wann sind Sie geboren?#when#When were you born?#
warten#Können Sie ein paar Minuten warten?#to wait#Can you wait a few minutes?#
warten#Auf wen warten Sie?#to wait#Who are you waiting for?#
warum#Warum kommt er nicht?#why#Why isn’t he coming?#
was#Was ist das?#what#What is that?#
was#Was möchten Sie?#what#What would you like?#
was für ein#Was für eine Farbe möchten Sie?#what kind of#What colour would you like?#
(sich) waschen#Wo kann ich mir die Hände waschen?#to wash#Where can I wash my hands?#
(sich) waschen#Ich muss morgen waschen.#to wash#I need to wash tomorrow.#
das Wasser#Ein Glas Wasser, bitte.#water#A glass of water, please.#
weh tun#Ich muss zum Arzt. Mein Bein tut weh.#to hurt#I need to go to the doctor. My leg hurts.#
weiblich#Kreuzen Sie bitte an: „weiblich“ oder „männlich“.#female#Please put a cross next to “female” or “male”.#
der Wein#Nein danke, ich möchte keinen Wein.#wine#No thank you, I don’t want any wine.#
weit#Zum Bahnhof ist es nicht weit.#far#It is not far to the station.#
weiter#Der Bus fährt nicht weiter.#further#The bus doesn’t go any further.#
welch-#Welches Buch möchtest du?#which#Which book would you like?#
die Welt#Es gibt viele Probleme auf der Welt.#world#There are many problems in the world.#
wenig#Ich habe leider nur wenig verstanden.#little#Unfortunately I only understood a little.#
wenig#Er verdient wenig.#little#He earns a little.#
wer#Wer ist das?#who#Who is that?#
werden#Mein Sohn will Arzt werden.#to become#My son wants to become a doctor.#
das Wetter#Wir hatten schlechtes Wetter.#weather#We had bad weather.#
wichtig#Dieses Formular ist sehr wichtig.#important#This form is very important.#
wie#Wie heißt du?#what#What are you called?#
wie#Er schreibt wie ein Kind.#like#He writes like a child.#
wie#Meine Frau ist so groß wie ich.#as#My wife is as tall as me.#
wie#Wie soll ich das machen?#how#How should I do that?#
wie#Wie groß ist die Wohnung?#how#How big is the flat?#
wie#Wie bitte?#…#Pardon?#
wie#Wie lange bist du schon hier?#how#How long have you been here already?#
wiederholen#Können Sie das bitte wiederholen?#to repeat#Could you repeat that please?#
das Wiederhören#Wir müssen jetzt Schluss machen. Also auf Wiederhören!#…#We need to finish. Well, until next time!#NB: used on the telephone
das Wiedersehen#Auf Wiedersehen!#…#Goodbye!#lit: until we see each other again
wie viel#Wie viel Milch nehmen Sie?#how much#How much milk do you take?#
willkommen#Herzlich willkommen!#…#(warm) Welcome!#
der Wind#Der Wind kommt aus Osten.#wind#The wind is coming from the east.#
wir#Wir lernen Deutsch.#we#We are learning German.#
wissen#Weißt du, wie er heißt?#to know#Do you now what he is called?#
wo#Wo waren Sie im Urlaub?#where#Where were you on holiday?#
wo#Wo ist die Post?#where#Where is the post office?#
wo#Wo sind Sie geboren?#where#Where were you born?#
woher#Woher kommen Sie?#from where#Where do you come from?#
wohin#Wohin fährt dieser Bus?#to where#Where does this bus go?#
wohin#Wohin wollen Sie am Wochenende?#to where#Where do you want to go this weekend?#
wohnen#Ich wohne in München.#to live#I live in Munich.#
die Wohnung, -en#Seit wann haben Sie diese Wohnung?#flat#Since when have you had this flat?#NB: for how long...?
wollen#Wollen Sie einen Kaffee trinken?#to want#Do you want to get a coffee?#
das Wort, -ö, er/-e#Ich kenne das Wort nicht.#word#I don’t know that word.#
wunderbar#Das Essen schmeckt wunderbar.#wonderful#The food tastes wonderful.#
zahlen#Zahlen, bitte!#to pay#Bill please!#
die Zeit#Ich habe heute keine Zeit.#time#I have no time today#
zurzeit#Zurzeit habe ich sehr viel zu tun.#at the moment#Right now I have a lot to do.#
die Zeitung, -en#Ich lese gern Zeitung.#newspaper#I like to read the newspaper.#
die Zigarette, -n#Wie teuer sind die Zigaretten?#cigarette#How expensive are the cigarettes?#
das Zimmer, –#Das Zimmer ist groß.#room#The room is large.#
das Zimmer, –#Öffne im Schlafzimmer das Fenster, bitte!#room#Open the window in the bedroom please!#
das Zimmer, –#Die Wohnung hat drei Zimmer.#room#The flat has three rooms.#
das Zimmer, –#Ich habe ein Zimmer bestellt.#room#I have booked a room.#
der Zoll#Wir müssen noch durch den Zoll.#customs#We still need to go through customs.#
zu#Der Bus fährt zum Bahnhof.#to#The bus goes to the station.#
zu#Ich gehe zu Fuß.#by#I will go by foot.#
zu#Ich bin zu Hause.#at#I am at home.#
zufrieden#Ich bin mit der Wohnung zufrieden.#happy#I am happy with the flat.#
der Zug, -ü, e#Ich fahre gern mit dem Zug.#train#I like to travel by train.#
zurück#Einmal Frankfurt und zurück.#return#One return to Frankfurt.#
zurück#Wann kommst du zurück?#back#When are you coming back?#
zusammen#Sollen wir zusammen essen gehen?#together#Should we go out to eat together?#
zusammen#Das macht zusammen 2 Euro 80.#together#Together that comes to 80 Euros.#
zwischen#Heidelberg liegt zwischen Frankfurt und Stuttgart.#between#Heidelberg sits between Frankfurt and Stuttgart.#
zwischen#Zwischen 8 und 10 Uhr bin ich zu Hause.#between#I’m at home between 8 and 10 o’clock.#
eins##one##
zwei##two##
drei##three##
vier##four##
fünf##five##
sechs##six##
sieben##seven##
acht##eight##
neun##nine##
zehn##ten##
elf##eleven##
zwölf##twelve##
dreizehn##thirteen##
vierzehn##fourteen##
fünfzehn##fifteen##
sechzehn##sixteen##
siebzehn##seventeen##
achtzehn##eighteen##
neunzehn##nineteen##
zwanzig##twenty##
einundzwanzig##twenty one##
dreißig##thirty##
vierzig##fourty##
fünfzig##fifty##
sechzig##sixt##
siebzig##seventy##
achtzig##eighty##
neunzig##ninety##
(ein)hundert##(one) hundred##
hunderteins##one hundred and one##
zweihundert##two hundred##
(ein)tausend##(one) thousand##
eine Million, =en##one million##
eine Milliarde, =en##one billion##
erste##first##
zweite##second##
dritte##third##
vierte##fourth##
null Uhr drei##time: 00:03##
sieben Uhr fünfzehn##time: 07:15##
dreizehn Uhr siebzehn##time: 13:17##
vierundzwanzig Uhr##time: 24:00##
die Sekunde, -n##the second##
die Minute, -n##minute##
die Stunde, -n##hour##
der Tag, -e##day##
die Woche, -e##week##
das Jahr, -e##year##
ein Uhr##one hour##
fünf Minuten vor/nach eins (ein Uhr)##five to/past one (o’clock)##
Viertel vor/nach zwei (zwei Uhr)##quarter to/past two (o’clock)##
halb drei##half past two (2:30)##
ein halb; halb##½##
ein Viertel; Viertel##¼##
neunzehnhundertneunundneunzig##Nineteen ninety nine – 1999##
zweitausendvierzehn##two thousand and fourteen – 2014##
der Wochentag, -e##weekday##
der Sonntag##Sunday##
der Montag##Monday##
der Dienstag##Tuesday##
der Mittwoch##Wednesday##
der Donnerstag##Thursday##
der Freitag##Friday##
der Samstag/Sonnabend##Saturday##
das Wochenende##weekend##
am Wochenende##at the weekend##
der Tag##day##
der Morgen##morning##
der Vormittag,-e##morning##
der Mittag##midday##
der Nachmittag,-e##afternoon##
der Abend,-e##evening##
die Nacht,¨-e##night##
der Januar##January##
der Februar##February##
der März##March##
der April##April##
der Mai##May##
der Juni##June##
der Juli##July##
der August##August##
der September##September##
der Oktober##October##
der November##November##
der Dezember##December##
der Frühling/das Frühjahr##spring##
der Sommer##summer##
der Herbst##autumn##
der Winter##winter##
ein Meter##one meter##
ein Zentimeter##one centimeter##
ein Meter fünfzehn##one meter fifteen##
zweihundert Kilometer##two hundred kilometres##
ein Quadratmeter##one square metre##
ein Grad unter Null/minus ein Grad##one degree below zero/minus one degree##
vier Grad über Null/plus vier Grad##four degrees above zero/plus four degrees##
ein Prozent##one percent##
ein Liter##one litre##
ein Gramm##one gram##
ein Pfund##one pound##
ein Kilo(gramm)##one kilo(gram)##
schwarz##black##
grau##grey##
blau##blue##
grün##green##
weiß##white##
rot##red##
gelb##yellow##
braun##brown##
der Norden##north##
der Süden##south##
der Westen##west##
der Osten##east##
